no,city,country,continent,caseName,regionLabel,type,typeName,typeShortName,spatialStrategyKeyword,concept,columnDate,columnTopic,sourceAuthor,sourceTitle,sourcePublisher,sourceUrl,apa
1,피게레스,스페인,유럽,달리 극장미술관,스페인,T5,건축 실험과 감각 경험,건축실험,예술가 성지화,예술가 자기연출형 미술관,2026.02.12,초현실주의의 거대한 무대,이상훈,초현실주의의 거대한 무대… 피게레스 달리 극장미술관,부산일보,https://www.busan.com/view/busan/view.php?code=2026021217095653845,"이상훈. (2026, 2월 12일). 초현실주의의 거대한 무대… 피게레스 달리 극장미술관. 부산일보. https://www.busan.com/view/busan/view.php?code=2026021217095653845"
2,프라하,체코,유럽,루돌피눔·드보르자크 홀,체코,T1,음악도시와 공연장,음악도시,제국-민족 전환 공연장,제국→민족국가 전환 공연장,2026.01.29,역사·음악 결절점,이상훈,프라하 역사·음악 어우러진 드보르자크 홀,부산일보,https://www.busan.com/view/busan/view.php?code=2026012918064819313,"이상훈. (2026, 1월 29일). 프라하 역사·음악 어우러진 드보르자크 홀. 부산일보. https://www.busan.com/view/busan/view.php?code=2026012918064819313"
3,부다페스트,헝가리,유럽,무파·버르토크 홀,헝가리,T3,산업유산과 도시재생,도시재생,문화지구 앵커,문화지구 재생 앵커형,2026.01.15,현대 문화정책 상징,이상훈,"부다페스트 무파, 버르토크 벨라 콘서트홀에서 만난 넵트랩코",부산일보,https://www.busan.com/view/busan/view.php?code=2026011517550699051,"이상훈. (2026, 1월 15일). 부다페스트 무파, 버르토크 벨라 콘서트홀에서 만난 넵트랩코. 부산일보. https://www.busan.com/view/busan/view.php?code=2026011517550699051"
4,스페이사이드,영국(스코틀랜드),유럽,매캘란 에스테이트,스코틀랜드,T4,재단·기업·컬렉션 기반 문화공간,재단·기업·컬렉션,F&B 문화공간화,F&B 문화공간화,2026.01.01,산업이 문화가 되다,이상훈,"매캘란 에스테이트, 시그니처가 된 위스키 양조장",부산일보,https://www.busan.com/view/busan/view.php?code=2026010117450964467,"이상훈. (2026, 1월 1일). 매캘란 에스테이트, 시그니처가 된 위스키 양조장. 부산일보. https://www.busan.com/view/busan/view.php?code=2026010117450964467"
5,아비뇽,프랑스,유럽,아비뇽 교황청,프랑스,T3,산업유산과 도시재생,도시재생,유산-현대 접합,유산-현대미술 접합,2025.12.18,유산과 현대 설치 공명,이상훈,아비뇽서 만난 오토니엘… 유수의 도시에 열린 코스모스,부산일보,https://www.busan.com/view/busan/view.php?code=2025121817342248624,"이상훈. (2025, 12월 18일). 아비뇽서 만난 오토니엘… 유수의 도시에 열린 코스모스. 부산일보. https://www.busan.com/view/busan/view.php?code=2025121817342248624"
6,바르셀로나,스페인,유럽,카탈루냐 음악당,스페인,T1,음악도시와 공연장,음악도시,민족주의 건축,민족주의 건축 상징,2025.12.04,음악을 시각화한 건축,이상훈,"음악을 시각적으로 구현한 공간, 카탈루냐 음악당",부산일보,https://www.busan.com/view/busan/view.php?code=2025120416510926667,"이상훈. (2025, 12월 4일). 음악을 시각적으로 구현한 공간, 카탈루냐 음악당. 부산일보. https://www.busan.com/view/busan/view.php?code=2025120416510926667"
7,칼페,스페인,유럽,라 무랄라 로하,스페인,T5,건축 실험과 감각 경험,건축실험,공동체 건축 실험,기하학 공동체 실험,2025.11.20,공동주택 유토피아 실험,이상훈,리카르도 보필의 공동주택 ‘라 무랄라 로하’,부산일보,https://www.busan.com/view/busan/view.php?code=2025112018090431704,"이상훈. (2025, 11월 20일). 리카르도 보필의 공동주택 ‘라 무랄라 로하’. 부산일보. https://www.busan.com/view/busan/view.php?code=2025112018090431704"
8,멕시코시티,멕시코,중남미,바스콘셀로스 도서관,멕시코,T4,재단·기업·컬렉션 기반 문화공간,재단·기업·컬렉션,사회적 건축,사회적 건축 모델,2025.11.06,지식의 민주화 건축,이상훈,공공건축의 걸작 멕시코시티 바스콘셀로스 도서관,부산일보,https://www.busan.com/view/busan/view.php?code=2025110617593686448,"이상훈. (2025, 11월 6일). 공공건축의 걸작 멕시코시티 바스콘셀로스 도서관. 부산일보. https://www.busan.com/view/busan/view.php?code=2025110617593686448"
9,오슬로,노르웨이,유럽,오슬로 오페라하우스,노르웨이,T3,산업유산과 도시재생,도시재생,워터프론트 재생,워터프론트 재생 상징,2025.10.23,도시 공공재 예술,이상훈,자연에서 사회로… 도시 공공재로서 오슬로 오페라하우스,부산일보,https://www.busan.com/view/busan/view.php?code=2025102316120605355,"이상훈. (2025, 10월 23일). 자연에서 사회로… 도시 공공재로서 오슬로 오페라하우스. 부산일보. https://www.busan.com/view/busan/view.php?code=2025102316120605355"
10,포트워스,미국,북미,킴벨 미술관,미국,T5,건축 실험과 감각 경험,건축실험,자연광 미술관,자연광 중심 경험형,2025.10.09,빛의 건축 미학,이상훈,"모더니즘 최후의 거장이 남긴 걸작, 킴벨 아트 뮤지엄",부산일보,https://www.busan.com/view/busan/view.php?code=2025100918020563999,"이상훈. (2025, 10월 9일). 모더니즘 최후의 거장이 남긴 걸작, 킴벨 아트 뮤지엄. 부산일보. https://www.busan.com/view/busan/view.php?code=2025100918020563999"
11,프로방스,프랑스,유럽,샤토 라코스테,프랑스,T4,재단·기업·컬렉션 기반 문화공간,재단·기업·컬렉션,예술-와이너리 융합,예술-와이너리 융합,2025.09.25,와이너리 복합화,이상훈,"샤토 라코스테, 와이너리에서 만나는 건축과 현대미술",부산일보,https://www.busan.com/view/busan/view.php?code=2025092516404222975,"이상훈. (2025, 9월 25일). 샤토 라코스테, 와이너리에서 만나는 건축과 현대미술. 부산일보. https://www.busan.com/view/busan/view.php?code=2025092516404222975"
12,휴스턴,미국,북미,휴스턴 미술관지구,미국,T4,재단·기업·컬렉션 기반 문화공간,재단·기업·컬렉션,문화지구 집적,문화 네트워크형 확장,2025.09.11,건축가 집적 미술관,이상훈,건축가들의 연속된 문장으로 진화 중인 휴스턴 미술관,부산일보,https://www.busan.com/view/busan/view.php?code=2025091117534183037,"이상훈. (2025, 9월 11일). 건축가들의 연속된 문장으로 진화 중인 휴스턴 미술관. 부산일보. https://www.busan.com/view/busan/view.php?code=2025091117534183037"
13,루체른,스위스,유럽,KKL 루체른,스위스,T1,음악도시와 공연장,음악도시,음향 랜드마크,음향 중심 복합 랜드마크,2025.08.28,페스티벌-컨벤션 복합,이상훈,루체른 페스티벌이 열리는 KKL 루체른 문화컨벤션센터,부산일보,https://www.busan.com/view/busan/view.php?code=2025082817584974625,"이상훈. (2025, 8월 28일). 루체른 페스티벌이 열리는 KKL 루체른 문화컨벤션센터. 부산일보. https://www.busan.com/view/busan/view.php?code=2025082817584974625"
14,바이로이트,독일,유럽,바이로이트,독일,T2,축제와 예술가의 도시,축제·예술가,작곡가 성지화,단일 예술가 성지화,2025.08.14,작곡가 전용 극장,이상훈,바그너 단 한 사람을 위한 축제극장,부산일보,https://www.busan.com/view/busan/view.php?code=2025081416501468456,"이상훈. (2025, 8월 14일). 바그너 단 한 사람을 위한 축제극장. 부산일보. https://www.busan.com/view/busan/view.php?code=2025081416501468456"
15,베르비에,스위스,유럽,베르비에 페스티벌,스위스,T2,축제와 예술가의 도시,축제·예술가,리조트 음악전략,계절 역전형 문화전략,2025.07.31,리조트 음악관광,이상훈,한여름 스키장에서 만난 베르비에 페스티벌,부산일보,https://www.busan.com/view/busan/view.php?code=2025073117562835648,"이상훈. (2025, 7월 31일). 한여름 스키장에서 만난 베르비에 페스티벌. 부산일보. https://www.busan.com/view/busan/view.php?code=2025073117562835648"
16,베로나,이탈리아,유럽,베로나 아레나,이탈리아,T2,축제와 예술가의 도시,축제·예술가,고대 유적 공연화,고대 유적 공연화,2025.07.17,유산 공간 축제화,이상훈,베로나 오페라 축제에서 만난 ‘아이다’,부산일보,https://www.busan.com/view/busan/view.php?code=2025071718000846175,"이상훈. (2025, 7월 17일). 베로나 오페라 축제에서 만난 ‘아이다’. 부산일보. https://www.busan.com/view/busan/view.php?code=2025071718000846175"
17,바젤,스위스,유럽,노바티스 캠퍼스,스위스,T4,재단·기업·컬렉션 기반 문화공간,재단·기업·컬렉션,기업 건축 클러스터,기업 건축 클러스터,2025.07.03,기업 캠퍼스 문화화,이상훈,프리츠커상 건축가 8명을 만나는 노바티스 캠퍼스,부산일보,https://www.busan.com/view/busan/view.php?code=2025070317505741321,"이상훈. (2025, 7월 3일). 프리츠커상 건축가 8명을 만나는 노바티스 캠퍼스. 부산일보. https://www.busan.com/view/busan/view.php?code=2025070317505741321"
18,라이프치히,독일,유럽,게반트하우스,독일,T1,음악도시와 공연장,음악도시,음악도시 정체성,도시 음악 정체성,2025.06.19,음악도시 전통,이상훈,라이프치히 게반트하우스와 쇼스타코비치,부산일보,https://www.busan.com/view/busan/view.php?code=2025061917492470638,"이상훈. (2025, 6월 19일). 라이프치히 게반트하우스와 쇼스타코비치. 부산일보. https://www.busan.com/view/busan/view.php?code=2025061917492470638"
19,뒤셀도르프,독일,유럽,미디어하펜,독일,T3,산업유산과 도시재생,도시재생,항만 재생,항만 재생형 문화지구,2025.06.05,항구 재생,이상훈,"쇠퇴한 항구, 도시 미래 되다… 뒤셀도르프",부산일보,https://www.busan.com/view/busan/view.php?code=2025060517515666840,"이상훈. (2025, 6월 5일). 쇠퇴한 항구, 도시 미래 되다… 뒤셀도르프. 부산일보. https://www.busan.com/view/busan/view.php?code=2025060517515666840"
20,암스테르담,네덜란드,유럽,콘세르트헤바우,네덜란드,T1,음악도시와 공연장,음악도시,전통 공연장,shoebox 정점 모델,2025.05.22,음향 전통 공연장,이상훈,30년 만에 열리는 암스테르담 말러 페스티벌,부산일보,https://www.busan.com/view/busan/view.php?code=2025052217585905773,"이상훈. (2025, 5월 22일). 30년 만에 열리는 암스테르담 말러 페스티벌. 부산일보. https://www.busan.com/view/busan/view.php?code=2025052217585905773"
21,파리,프랑스,유럽,Fondation LV,프랑스,T4,재단·기업·컬렉션 기반 문화공간,재단·기업·컬렉션,럭셔리 재단,럭셔리 기업 재단,2025.05.08,루이비통 재단,이상훈,루이비통 재단에서 만난 데이비드 호크니,부산일보,https://www.busan.com/view/busan/view.php?code=2025050817570975724,"이상훈. (2025, 5월 8일). 루이비통 재단에서 만난 데이비드 호크니. 부산일보. https://www.busan.com/view/busan/view.php?code=2025050817570975724"
22,바덴바덴,독일,유럽,바덴바덴,독일,T2,축제와 예술가의 도시,축제·예술가,오프시즌 전략,오프시즌 전략,2025.04.24,부활절 축제,이상훈,부활절 주간 바덴바덴에서 만난 조성진과 베를린필,부산일보,https://www.busan.com/view/busan/view.php?code=2025042417585577324,"이상훈. (2025, 4월 24일). 부활절 주간 바덴바덴에서 만난 조성진과 베를린필. 부산일보. https://www.busan.com/view/busan/view.php?code=2025042417585577324"
23,빈,오스트리아,유럽,Wiener Konzerthaus,오스트리아,T1,음악도시와 공연장,음악도시,이중 공연장 모델,이중 공연장 도시모델,2025.04.10,빈 콘체르트하우스,이상훈,빈 콘체르트하우스에서 만난 임윤찬,부산일보,https://www.busan.com/view/busan/view.php?code=2025041016442454986,"이상훈. (2025, 4월 10일). 빈 콘체르트하우스에서 만난 임윤찬. 부산일보. https://www.busan.com/view/busan/view.php?code=2025041016442454986"
24,마스트리흐트,네덜란드,유럽,TEFAF,네덜란드,T6,기술·시장·플랫폼,기술·플랫폼,아트마켓 플랫폼,아트마켓 플랫폼,2025.03.27,글로벌 아트페어,이상훈,고미술과 명화가 거래되는 마스트리흐트 테파프,부산일보,https://www.busan.com/view/busan/view.php?code=2025032717590767997,"이상훈. (2025, 3월 27일). 고미술과 명화가 거래되는 마스트리흐트 테파프. 부산일보. https://www.busan.com/view/busan/view.php?code=2025032717590767997"
25,룩셈부르크시,룩셈부르크,유럽,룩셈부르크 필하모니,룩셈부르크,T1,음악도시와 공연장,음악도시,국가 상징 공연장,국가 상징 공연장,2025.03.13,소국 브랜딩,이상훈,프리츠커상 건축가가 만든 ‘룩셈부르크 필하모니’,부산일보,https://www.busan.com/view/busan/view.php?code=2025031317582722297,"이상훈. (2025, 3월 13일). 프리츠커상 건축가가 만든 ‘룩셈부르크 필하모니’. 부산일보. https://www.busan.com/view/busan/view.php?code=2025031317582722297"
26,바일암라인,독일,유럽,비트라 캠퍼스,독일,T4,재단·기업·컬렉션 기반 문화공간,재단·기업·컬렉션,디자인 클러스터,건축 집적 클러스터,2025.02.27,디자인 성지,이상훈,"위기가 기회로, 건축과 디자인 성지가 된 비트라 캠퍼스",부산일보,https://www.busan.com/view/busan/view.php?code=2025022717514830325,"이상훈. (2025, 2월 27일). 위기가 기회로, 건축과 디자인 성지가 된 비트라 캠퍼스. 부산일보. https://www.busan.com/view/busan/view.php?code=2025022717514830325"
27,상파울루,브라질,중남미,MASP,브라질,T4,재단·기업·컬렉션 기반 문화공간,재단·기업·컬렉션,남반구 허브,라틴아메리카 허브,2025.02.13,남반구 허브,이상훈,남반구 최대 컬렉션 갖춘 상파울루 미술관,부산일보,https://www.busan.com/view/busan/view.php?code=2025021317552873762,"이상훈. (2025, 2월 13일). 남반구 최대 컬렉션 갖춘 상파울루 미술관. 부산일보. https://www.busan.com/view/busan/view.php?code=2025021317552873762"
28,런던,영국,유럽,배터시 발전소,영국,T3,산업유산과 도시재생,도시재생,산업유산 복합,혼합형 재생 모델,2025.01.30,산업유산 복합개발,이상훈,"배터시 발전소의 재생, 런던서 가장 힙한 공간으로",부산일보,https://www.busan.com/view/busan/view.php?code=2025013018044911529,"이상훈. (2025, 1월 30일). 배터시 발전소의 재생, 런던서 가장 힙한 공간으로. 부산일보. https://www.busan.com/view/busan/view.php?code=2025013018044911529"
29,유럽 복수도시,다국가,글로벌,롤렉스 사례,유럽,T4,재단·기업·컬렉션 기반 문화공간,재단·기업·컬렉션,기업 후원 생태계,민간 자본 공연장 생태계,2025.01.16,기업 후원 공연장,이상훈,매년 ‘빈필’ 신년 음악회 열리는 무지크페라인,부산일보,https://www.busan.com/view/busan/view.php?code=2025010217562872572,"이상훈. (2025, 1월 2일). 매년 ‘빈필’ 신년 음악회 열리는 무지크페라인. 부산일보. https://www.busan.com/view/busan/view.php?code=2025010217562872572"
30,빈,오스트리아,유럽,무지크페어라인,오스트리아,T1,음악도시와 공연장,음악도시,국가 브랜드 공연장,국가 브랜드 공연장,2025.01.02,신년음악회 상징,이상훈,기차가 주인공인 뮤지컬 ‘스타라이트 익스프레스’,부산일보,https://www.busan.com/view/busan/view.php?code=2024122617483180976,"이상훈. (2024, 12월 26일). 기차가 주인공인 뮤지컬 ‘스타라이트 익스프레스’. 부산일보. https://www.busan.com/view/busan/view.php?code=2024122617483180976"
31,보훔,독일,유럽,스타라이트 익스프레스,영국,T2,축제와 예술가의 도시,축제·예술가,상설 콘텐츠 모델,상설 콘텐츠 모델,2024.12.26,레지던시 공연,이상훈,"최고의 대학 미술관, 하버드 미술관",부산일보,https://www.busan.com/view/busan/view.php?code=2024121217470771467,"이상훈. (2024, 12월 12일). 최고의 대학 미술관, 하버드 미술관. 부산일보. https://www.busan.com/view/busan/view.php?code=2024121217470771467"
32,케임브리지,미국,북미,하버드 미술관,미국,T4,재단·기업·컬렉션 기반 문화공간,재단·기업·컬렉션,대학 미술관,교육-전시 결합,2024.12.12,대학 미술관,이상훈,"‘마르케스 데 리스칼’ 와이너리, 예술이 되다",부산일보,https://www.busan.com/view/busan/view.php?code=2024112817531794535,"이상훈. (2024, 11월 28일). ‘마르케스 데 리스칼’ 와이너리, 예술이 되다. 부산일보. https://www.busan.com/view/busan/view.php?code=2024112817531794535"
33,엘시에고,스페인,유럽,마르케스 데 리스칼,스페인,T4,재단·기업·컬렉션 기반 문화공간,재단·기업·컬렉션,건축관광 와이너리,건축-관광 융합,2024.11.28,와이너리 예술화,이상훈,"건축과 미술, 공연까지… ‘칼루스테 굴벤키안 재단’",부산일보,https://www.busan.com/view/busan/view.php?code=2024111417503552254,"이상훈. (2024, 11월 14일). 건축과 미술, 공연까지… ‘칼루스테 굴벤키안 재단’. 부산일보. https://www.busan.com/view/busan/view.php?code=2024111417503552254"
34,리스본,포르투갈,유럽,굴벤키안,포르투갈,T4,재단·기업·컬렉션 기반 문화공간,재단·기업·컬렉션,재단형 문화모델,재단형 통합 모델,2024.11.14,재단형 복합문화,이상훈,"‘브랜드 미술관’ 루브르와 퐁피두, 프랜차이즈 되다",부산일보,https://www.busan.com/view/busan/view.php?code=2024103117475476010,"이상훈. (2024, 10월 31일). ‘브랜드 미술관’ 루브르와 퐁피두, 프랜차이즈 되다. 부산일보. https://www.busan.com/view/busan/view.php?code=2024103117475476010"
35,글로벌 분관,다국가,글로벌,루브르·퐁피두,다국가,T6,기술·시장·플랫폼,기술·플랫폼,미술관 프랜차이즈,미술관 프랜차이즈화,2024.10.31,글로벌 분관,이상훈,독립기념일에 찾은 멕시코시티 소칼로 광장,부산일보,https://www.busan.com/view/busan/view.php?code=2024091917473707101,"이상훈. (2024, 9월 19일). 독립기념일에 찾은 멕시코시티 소칼로 광장. 부산일보. https://www.busan.com/view/busan/view.php?code=2024091917473707101"
36,발스,스위스,유럽,발스 온천,스위스,T5,건축 실험과 감각 경험,건축실험,감각 건축,촉각·재료 중심,2024.10.17,감각 건축,이상훈,아델의 뮌헨 레지던시 공연을 위한 팝업 콘서트홀,부산일보,https://www.busan.com/view/busan/view.php?code=2024090518033288516,"이상훈. (2024, 9월 5일). 아델의 뮌헨 레지던시 공연을 위한 팝업 콘서트홀. 부산일보. https://www.busan.com/view/busan/view.php?code=2024090518033288516"
37,미니애폴리스,미국,북미,미네소타 오케스트라홀,미국,T1,음악도시와 공연장,음악도시,교향악단 기반,도시 음악 정체성,2024.10.03,교향악단 기반,이상훈,"호수 위에서 만나는 혁신적인 오페라 무대, 브레겐츠 페스티벌",부산일보,https://www.busan.com/view/busan/view.php?code=2024082217563682352,"이상훈. (2024, 8월 22일). 호수 위에서 만나는 혁신적인 오페라 무대, 브레겐츠 페스티벌. 부산일보. https://www.busan.com/view/busan/view.php?code=2024082217563682352"
38,멕시코시티,멕시코,중남미,소칼로,멕시코,T3,산업유산과 도시재생,도시재생,국가 광장,기념 광장 관광화,2024.09.19,국가 광장,이상훈,[이상훈의 시그니처 문화공간 이야기] 피크닉과 함께 즐기는 '글라인드본 페스티벌',부산일보,https://www.busan.com/view/busan/view.php?code=2024080817561068422,"이상훈. (2024, 8월 8일). [이상훈의 시그니처 문화공간 이야기] 피크닉과 함께 즐기는 '글라인드본 페스티벌'. 부산일보. https://www.busan.com/view/busan/view.php?code=2024080817561068422"
39,뮌헨,독일,유럽,메세 뮌헨,독일,T2,축제와 예술가의 도시,축제·예술가,이벤트 도시,이벤트 도시 브랜딩,2024.09.05,팝 레지던시,이상훈,[이상훈의 시그니처 문화공간 이야기] 위도가 가장 높은 공연장 '하르파',부산일보,https://www.busan.com/view/busan/view.php?code=2024072517593465861,"이상훈. (2024, 7월 25일). [이상훈의 시그니처 문화공간 이야기] 위도가 가장 높은 공연장 '하르파'. 부산일보. https://www.busan.com/view/busan/view.php?code=2024072517593465861"
40,브레겐츠,오스트리아,유럽,브레겐츠,오스트리아,T2,축제와 예술가의 도시,축제·예술가,자연 앵커 축제,자연 앵커형 축제,2024.08.22,수상무대,이상훈,"[이상훈의 시그니처 문화공간 이야기] 10년 담금질로 태어난 플래그십 콘서트홀, 엘프필하모니",부산일보,https://www.busan.com/view/busan/view.php?code=2024071117513822757,"이상훈. (2024, 7월 11일). [이상훈의 시그니처 문화공간 이야기] 10년 담금질로 태어난 플래그십 콘서트홀, 엘프필하모니. 부산일보. https://www.busan.com/view/busan/view.php?code=2024071117513822757"
41,루이스,영국,유럽,글라인드본,영국,T2,축제와 예술가의 도시,축제·예술가,사적 영지 축제,사적 영지 축제,2024.08.08,귀족형 축제,이상훈,[이상훈의 시그니처 문화공간 이야기] 미국 동부를 대표하는 사립미술관 '반스 재단',부산일보,https://www.busan.com/view/busan/view.php?code=2024062718021296707,"이상훈. (2024, 6월 27일). [이상훈의 시그니처 문화공간 이야기] 미국 동부를 대표하는 사립미술관 '반스 재단'. 부산일보. https://www.busan.com/view/busan/view.php?code=2024062718021296707"
42,레이캬비크,아이슬란드,유럽,하르파,아이슬란드,T3,산업유산과 도시재생,도시재생,극지 랜드마크,지리 상징 랜드마크,2024.07.25,극지 랜드마크,이상훈,"[이상훈의 시그니처 문화공간 이야기] 세계 최대의 구(球)형 공연장, 스피어(Sphere)",부산일보,https://www.busan.com/view/busan/view.php?code=2024061213551233220,"이상훈. (2024, 6월 13일). [이상훈의 시그니처 문화공간 이야기] 세계 최대의 구(球)형 공연장, 스피어(Sphere). 부산일보. https://www.busan.com/view/busan/view.php?code=2024061213551233220"
43,함부르크,독일,유럽,엘프필하모니,독일,T3,산업유산과 도시재생,도시재생,항만 아이콘,장기 프로젝트 재생,2024.07.11,항만 아이콘,이상훈,[이상훈의 시그니처 문화공간 이야기] 지역의 역사·예술·자연 함께 담아낸 '루마 아를',부산일보,https://www.busan.com/view/busan/view.php?code=2024053017551630649,"이상훈. (2024, 5월 30일). [이상훈의 시그니처 문화공간 이야기] 지역의 역사·예술·자연 함께 담아낸 '루마 아를'. 부산일보. https://www.busan.com/view/busan/view.php?code=2024053017551630649"
44,필라델피아,미국,북미,반스 재단,미국,T4,재단·기업·컬렉션 기반 문화공간,재단·기업·컬렉션,컬렉터 기반,컬렉터 기반,2024.06.27,사립 컬렉션,이상훈,[이상훈의 시그니처 문화공간 이야기] '예술과 과학의 도시' 발렌시아와 북항,부산일보,https://www.busan.com/view/busan/view.php?code=2024051618033908873,"이상훈. (2024, 5월 16일). [이상훈의 시그니처 문화공간 이야기] '예술과 과학의 도시' 발렌시아와 북항. 부산일보. https://www.busan.com/view/busan/view.php?code=2024051618033908873"
45,라스베이거스,미국,북미,스피어,미국,T6,기술·시장·플랫폼,기술·플랫폼,기술 몰입형,기술 중심 엔터테인먼트,2024.06.13,몰입형 공연,이상훈,[이상훈의 시그니처 문화공간 이야기] 베를린 함부르거 반호프 현대미술관에서 만난 이우환,부산일보,https://www.busan.com/view/busan/view.php?code=2024050217491884694,"이상훈. (2024, 5월 2일). [이상훈의 시그니처 문화공간 이야기] 베를린 함부르거 반호프 현대미술관에서 만난 이우환. 부산일보. https://www.busan.com/view/busan/view.php?code=2024050217491884694"
46,아를,프랑스,유럽,루마 재단,프랑스,T4,재단·기업·컬렉션 기반 문화공간,재단·기업·컬렉션,지역 재생 플랫폼,지역 재생 플랫폼,2024.05.30,창작 지원 재단,이상훈,[이상훈의 시그니처 문화공간 이야기] 고대도시 로마에서 만나는 미래건축 ‘맥시’,부산일보,https://www.busan.com/view/busan/view.php?code=2024041817580676042,"이상훈. (2024, 4월 18일). [이상훈의 시그니처 문화공간 이야기] 고대도시 로마에서 만나는 미래건축 ‘맥시’. 부산일보. https://www.busan.com/view/busan/view.php?code=2024041817580676042"
47,발렌시아,스페인,유럽,발렌시아,스페인,T3,산업유산과 도시재생,도시재생,도시 정체성 프로젝트,도시 정체성 프로젝트,2024.05.16,예술과학 도시,이상훈,"[이상훈의 시그니처 문화공간 이야기] 2차 대전 벙커가 미술관으로 변신, 잠룽 보로스",부산일보,https://www.busan.com/view/busan/view.php?code=2024040417595891011,"이상훈. (2024, 4월 4일). [이상훈의 시그니처 문화공간 이야기] 2차 대전 벙커가 미술관으로 변신, 잠룽 보로스. 부산일보. https://www.busan.com/view/busan/view.php?code=2024040417595891011"
48,베를린,독일,유럽,함부르거 반호프,독일,T3,산업유산과 도시재생,도시재생,산업유산 미술관,산업유산 미술관,2024.05.02,철도 유산 전환,이상훈,"[이상훈의 시그니처 문화공간 이야기] 공동주택의 반전, 야마모토 리켄의 ‘판교 하우징’",부산일보,https://www.busan.com/view/busan/view.php?code=2024032118082969344,"이상훈. (2024, 3월 21일). [이상훈의 시그니처 문화공간 이야기] 공동주택의 반전, 야마모토 리켄의 ‘판교 하우징’. 부산일보. https://www.busan.com/view/busan/view.php?code=2024032118082969344"
49,로마,이탈리아,유럽,로마 사례,이탈리아,T5,건축 실험과 감각 경험,건축실험,역사도시 현대삽입,역사도시 현대 건축 전략,2024.04.18,유산 내 현대 삽입,이상훈,[이상훈의 시그니처 문화공간 이야기] 삶의 표준 제시한 바이센호프 주거단지,부산일보,https://www.busan.com/view/busan/view.php?code=2024030717572375842,"이상훈. (2024, 3월 7일). [이상훈의 시그니처 문화공간 이야기] 삶의 표준 제시한 바이센호프 주거단지. 부산일보. https://www.busan.com/view/busan/view.php?code=2024030717572375842"
50,독일 복수지역,독일,유럽,독일 사례,독일,T3,산업유산과 도시재생,도시재생,군사유산 전환,군사 유산 전환 모델,2024.04.04,벙커 미술관,이상훈,[이상훈의 시그니처 문화공간 이야기] ‘백색 건축가’ 리차드 마이어가 설계한 솔올미술관,부산일보,https://www.busan.com/view/busan/view.php?code=2024022217594182144,"이상훈. (2024, 2월 22일). [이상훈의 시그니처 문화공간 이야기] ‘백색 건축가’ 리차드 마이어가 설계한 솔올미술관. 부산일보. https://www.busan.com/view/busan/view.php?code=2024022217594182144"
