번호,연도,날짜(YYYY-MM-DD),저자,제목,매체,URL,APA 7판(한국어),주제(연구분류용)
1,2026,2026-02-12,이상훈,초현실주의의 거대한 무대… 피게레스 달리 극장미술관,부산일보,https://www.busan.com/view/busan/view.php?code=2026021217095653845,"이상훈. (2026, 2월 12일). 초현실주의의 거대한 무대… 피게레스 달리 극장미술관. 부산일보. https://www.busan.com/view/busan/view.php?code=2026021217095653845",
2,2026,2026-01-29,이상훈,프라하 역사·음악 어우러진 드보르자크 홀,부산일보,https://www.busan.com/view/busan/view.php?code=2026012918064819313,"이상훈. (2026, 1월 29일). 프라하 역사·음악 어우러진 드보르자크 홀. 부산일보. https://www.busan.com/view/busan/view.php?code=2026012918064819313",
3,2026,2026-01-15,이상훈,"부다페스트 무파, 버르토크 벨라 콘서트홀에서 만난 넵트랩코",부산일보,https://www.busan.com/view/busan/view.php?code=2026011517550699051,"이상훈. (2026, 1월 15일). 부다페스트 무파, 버르토크 벨라 콘서트홀에서 만난 넵트랩코. 부산일보. https://www.busan.com/view/busan/view.php?code=2026011517550699051",
4,2026,2026-01-01,이상훈,"매캘란 에스테이트, 시그니처가 된 위스키 양조장",부산일보,https://www.busan.com/view/busan/view.php?code=2026010117450964467,"이상훈. (2026, 1월 1일). 매캘란 에스테이트, 시그니처가 된 위스키 양조장. 부산일보. https://www.busan.com/view/busan/view.php?code=2026010117450964467",
5,2025,2025-12-18,이상훈,아비뇽서 만난 오토니엘… 유수의 도시에 열린 코스모스,부산일보,https://www.busan.com/view/busan/view.php?code=2025121817342248624,"이상훈. (2025, 12월 18일). 아비뇽서 만난 오토니엘… 유수의 도시에 열린 코스모스. 부산일보. https://www.busan.com/view/busan/view.php?code=2025121817342248624",
6,2025,2025-12-04,이상훈,"음악을 시각적으로 구현한 공간, 카탈루냐 음악당",부산일보,https://www.busan.com/view/busan/view.php?code=2025120416510926667,"이상훈. (2025, 12월 4일). 음악을 시각적으로 구현한 공간, 카탈루냐 음악당. 부산일보. https://www.busan.com/view/busan/view.php?code=2025120416510926667",
7,2025,2025-11-20,이상훈,리카르도 보필의 공동주택 ‘라 무랄라 로하’,부산일보,https://www.busan.com/view/busan/view.php?code=2025112018090431704,"이상훈. (2025, 11월 20일). 리카르도 보필의 공동주택 ‘라 무랄라 로하’. 부산일보. https://www.busan.com/view/busan/view.php?code=2025112018090431704",
8,2025,2025-11-06,이상훈,공공건축의 걸작 멕시코시티 바스콘셀로스 도서관,부산일보,https://www.busan.com/view/busan/view.php?code=2025110617593686448,"이상훈. (2025, 11월 6일). 공공건축의 걸작 멕시코시티 바스콘셀로스 도서관. 부산일보. https://www.busan.com/view/busan/view.php?code=2025110617593686448",
9,2025,2025-10-23,이상훈,자연에서 사회로… 도시 공공재로서 오슬로 오페라하우스,부산일보,https://www.busan.com/view/busan/view.php?code=2025102316120605355,"이상훈. (2025, 10월 23일). 자연에서 사회로… 도시 공공재로서 오슬로 오페라하우스. 부산일보. https://www.busan.com/view/busan/view.php?code=2025102316120605355",
10,2025,2025-10-09,이상훈,"모더니즘 최후의 거장이 남긴 걸작, 킴벨 아트 뮤지엄",부산일보,https://www.busan.com/view/busan/view.php?code=2025100918020563999,"이상훈. (2025, 10월 9일). 모더니즘 최후의 거장이 남긴 걸작, 킴벨 아트 뮤지엄. 부산일보. https://www.busan.com/view/busan/view.php?code=2025100918020563999",
11,2025,2025-09-25,이상훈,"샤토 라코스테, 와이너리에서 만나는 건축과 현대미술",부산일보,https://www.busan.com/view/busan/view.php?code=2025092516404222975,"이상훈. (2025, 9월 25일). 샤토 라코스테, 와이너리에서 만나는 건축과 현대미술. 부산일보. https://www.busan.com/view/busan/view.php?code=2025092516404222975",
12,2025,2025-09-11,이상훈,건축가들의 연속된 문장으로 진화 중인 휴스턴 미술관,부산일보,https://www.busan.com/view/busan/view.php?code=2025091117534183037,"이상훈. (2025, 9월 11일). 건축가들의 연속된 문장으로 진화 중인 휴스턴 미술관. 부산일보. https://www.busan.com/view/busan/view.php?code=2025091117534183037",
13,2025,2025-08-28,이상훈,루체른 페스티벌이 열리는 KKL 루체른 문화컨벤션센터,부산일보,https://www.busan.com/view/busan/view.php?code=2025082817584974625,"이상훈. (2025, 8월 28일). 루체른 페스티벌이 열리는 KKL 루체른 문화컨벤션센터. 부산일보. https://www.busan.com/view/busan/view.php?code=2025082817584974625",
14,2025,2025-08-14,이상훈,바그너 단 한 사람을 위한 축제극장,부산일보,https://www.busan.com/view/busan/view.php?code=2025081416501468456,"이상훈. (2025, 8월 14일). 바그너 단 한 사람을 위한 축제극장. 부산일보. https://www.busan.com/view/busan/view.php?code=2025081416501468456",
15,2025,2025-07-31,이상훈,한여름 스키장에서 만난 베르비에 페스티벌,부산일보,https://www.busan.com/view/busan/view.php?code=2025073117562835648,"이상훈. (2025, 7월 31일). 한여름 스키장에서 만난 베르비에 페스티벌. 부산일보. https://www.busan.com/view/busan/view.php?code=2025073117562835648",
16,2025,2025-07-17,이상훈,베로나 오페라 축제에서 만난 ‘아이다’,부산일보,https://www.busan.com/view/busan/view.php?code=2025071718000846175,"이상훈. (2025, 7월 17일). 베로나 오페라 축제에서 만난 ‘아이다’. 부산일보. https://www.busan.com/view/busan/view.php?code=2025071718000846175",
17,2025,2025-07-03,이상훈,프리츠커상 건축가 8명을 만나는 노바티스 캠퍼스,부산일보,https://www.busan.com/view/busan/view.php?code=2025070317505741321,"이상훈. (2025, 7월 3일). 프리츠커상 건축가 8명을 만나는 노바티스 캠퍼스. 부산일보. https://www.busan.com/view/busan/view.php?code=2025070317505741321",
18,2025,2025-06-19,이상훈,라이프치히 게반트하우스와 쇼스타코비치,부산일보,https://www.busan.com/view/busan/view.php?code=2025061917492470638,"이상훈. (2025, 6월 19일). 라이프치히 게반트하우스와 쇼스타코비치. 부산일보. https://www.busan.com/view/busan/view.php?code=2025061917492470638",
19,2025,2025-06-05,이상훈,"쇠퇴한 항구, 도시 미래 되다… 뒤셀도르프",부산일보,https://www.busan.com/view/busan/view.php?code=2025060517515666840,"이상훈. (2025, 6월 5일). 쇠퇴한 항구, 도시 미래 되다… 뒤셀도르프. 부산일보. https://www.busan.com/view/busan/view.php?code=2025060517515666840",
20,2025,2025-05-22,이상훈,30년 만에 열리는 암스테르담 말러 페스티벌,부산일보,https://www.busan.com/view/busan/view.php?code=2025052217585905773,"이상훈. (2025, 5월 22일). 30년 만에 열리는 암스테르담 말러 페스티벌. 부산일보. https://www.busan.com/view/busan/view.php?code=2025052217585905773",
21,2025,2025-05-08,이상훈,루이비통 재단에서 만난 데이비드 호크니,부산일보,https://www.busan.com/view/busan/view.php?code=2025050817570975724,"이상훈. (2025, 5월 8일). 루이비통 재단에서 만난 데이비드 호크니. 부산일보. https://www.busan.com/view/busan/view.php?code=2025050817570975724",
22,2025,2025-04-24,이상훈,부활절 주간 바덴바덴에서 만난 조성진과 베를린필,부산일보,https://www.busan.com/view/busan/view.php?code=2025042417585577324,"이상훈. (2025, 4월 24일). 부활절 주간 바덴바덴에서 만난 조성진과 베를린필. 부산일보. https://www.busan.com/view/busan/view.php?code=2025042417585577324",
23,2025,2025-04-10,이상훈,빈 콘체르트하우스에서 만난 임윤찬,부산일보,https://www.busan.com/view/busan/view.php?code=2025041016442454986,"이상훈. (2025, 4월 10일). 빈 콘체르트하우스에서 만난 임윤찬. 부산일보. https://www.busan.com/view/busan/view.php?code=2025041016442454986",
24,2025,2025-03-27,이상훈,고미술과 명화가 거래되는 마스트리흐트 테파프,부산일보,https://www.busan.com/view/busan/view.php?code=2025032717590767997,"이상훈. (2025, 3월 27일). 고미술과 명화가 거래되는 마스트리흐트 테파프. 부산일보. https://www.busan.com/view/busan/view.php?code=2025032717590767997",
25,2025,2025-03-13,이상훈,프리츠커상 건축가가 만든 ‘룩셈부르크 필하모니’,부산일보,https://www.busan.com/view/busan/view.php?code=2025031317582722297,"이상훈. (2025, 3월 13일). 프리츠커상 건축가가 만든 ‘룩셈부르크 필하모니’. 부산일보. https://www.busan.com/view/busan/view.php?code=2025031317582722297",
26,2025,2025-02-27,이상훈,"위기가 기회로, 건축과 디자인 성지가 된 비트라 캠퍼스",부산일보,https://www.busan.com/view/busan/view.php?code=2025022717514830325,"이상훈. (2025, 2월 27일). 위기가 기회로, 건축과 디자인 성지가 된 비트라 캠퍼스. 부산일보. https://www.busan.com/view/busan/view.php?code=2025022717514830325",
27,2025,2025-02-13,이상훈,남반구 최대 컬렉션 갖춘 상파울루 미술관,부산일보,https://www.busan.com/view/busan/view.php?code=2025021317552873762,"이상훈. (2025, 2월 13일). 남반구 최대 컬렉션 갖춘 상파울루 미술관. 부산일보. https://www.busan.com/view/busan/view.php?code=2025021317552873762",
28,2025,2025-01-30,이상훈,"배터시 발전소의 재생, 런던서 가장 힙한 공간으로",부산일보,https://www.busan.com/view/busan/view.php?code=2025013018044911529,"이상훈. (2025, 1월 30일). 배터시 발전소의 재생, 런던서 가장 힙한 공간으로. 부산일보. https://www.busan.com/view/busan/view.php?code=2025013018044911529",
29,2025,2025-01-02,이상훈,매년 ‘빈필’ 신년 음악회 열리는 무지크페라인,부산일보,https://www.busan.com/view/busan/view.php?code=2025010217562872572,"이상훈. (2025, 1월 2일). 매년 ‘빈필’ 신년 음악회 열리는 무지크페라인. 부산일보. https://www.busan.com/view/busan/view.php?code=2025010217562872572",
30,2024,2024-12-26,이상훈,기차가 주인공인 뮤지컬 ‘스타라이트 익스프레스’,부산일보,https://www.busan.com/view/busan/view.php?code=2024122617483180976,"이상훈. (2024, 12월 26일). 기차가 주인공인 뮤지컬 ‘스타라이트 익스프레스’. 부산일보. https://www.busan.com/view/busan/view.php?code=2024122617483180976",
31,2024,2024-12-12,이상훈,"최고의 대학 미술관, 하버드 미술관",부산일보,https://www.busan.com/view/busan/view.php?code=2024121217470771467,"이상훈. (2024, 12월 12일). 최고의 대학 미술관, 하버드 미술관. 부산일보. https://www.busan.com/view/busan/view.php?code=2024121217470771467",
32,2024,2024-11-28,이상훈,"‘마르케스 데 리스칼’ 와이너리, 예술이 되다",부산일보,https://www.busan.com/view/busan/view.php?code=2024112817531794535,"이상훈. (2024, 11월 28일). ‘마르케스 데 리스칼’ 와이너리, 예술이 되다. 부산일보. https://www.busan.com/view/busan/view.php?code=2024112817531794535",
33,2024,2024-11-14,이상훈,"건축과 미술, 공연까지… ‘칼루스테 굴벤키안 재단’",부산일보,https://www.busan.com/view/busan/view.php?code=2024111417503552254,"이상훈. (2024, 11월 14일). 건축과 미술, 공연까지… ‘칼루스테 굴벤키안 재단’. 부산일보. https://www.busan.com/view/busan/view.php?code=2024111417503552254",
34,2024,2024-10-31,이상훈,"‘브랜드 미술관’ 루브르와 퐁피두, 프랜차이즈 되다",부산일보,https://www.busan.com/view/busan/view.php?code=2024103117475476010,"이상훈. (2024, 10월 31일). ‘브랜드 미술관’ 루브르와 퐁피두, 프랜차이즈 되다. 부산일보. https://www.busan.com/view/busan/view.php?code=2024103117475476010",
35,2024,2024-09-19,이상훈,독립기념일에 찾은 멕시코시티 소칼로 광장,부산일보,https://www.busan.com/view/busan/view.php?code=2024091917473707101,"이상훈. (2024, 9월 19일). 독립기념일에 찾은 멕시코시티 소칼로 광장. 부산일보. https://www.busan.com/view/busan/view.php?code=2024091917473707101",
36,2024,2024-09-05,이상훈,아델의 뮌헨 레지던시 공연을 위한 팝업 콘서트홀,부산일보,https://www.busan.com/view/busan/view.php?code=2024090518033288516,"이상훈. (2024, 9월 5일). 아델의 뮌헨 레지던시 공연을 위한 팝업 콘서트홀. 부산일보. https://www.busan.com/view/busan/view.php?code=2024090518033288516",
37,2024,2024-08-22,이상훈,"호수 위에서 만나는 혁신적인 오페라 무대, 브레겐츠 페스티벌",부산일보,https://www.busan.com/view/busan/view.php?code=2024082217563682352,"이상훈. (2024, 8월 22일). 호수 위에서 만나는 혁신적인 오페라 무대, 브레겐츠 페스티벌. 부산일보. https://www.busan.com/view/busan/view.php?code=2024082217563682352",
38,2024,2024-08-08,이상훈,[이상훈의 시그니처 문화공간 이야기] 피크닉과 함께 즐기는 '글라인드본 페스티벌',부산일보,https://www.busan.com/view/busan/view.php?code=2024080817561068422,"이상훈. (2024, 8월 8일). [이상훈의 시그니처 문화공간 이야기] 피크닉과 함께 즐기는 '글라인드본 페스티벌'. 부산일보. https://www.busan.com/view/busan/view.php?code=2024080817561068422",
39,2024,2024-07-25,이상훈,[이상훈의 시그니처 문화공간 이야기] 위도가 가장 높은 공연장 '하르파',부산일보,https://www.busan.com/view/busan/view.php?code=2024072517593465861,"이상훈. (2024, 7월 25일). [이상훈의 시그니처 문화공간 이야기] 위도가 가장 높은 공연장 '하르파'. 부산일보. https://www.busan.com/view/busan/view.php?code=2024072517593465861",
40,2024,2024-07-11,이상훈,"[이상훈의 시그니처 문화공간 이야기] 10년 담금질로 태어난 플래그십 콘서트홀, 엘프필하모니",부산일보,https://www.busan.com/view/busan/view.php?code=2024071117513822757,"이상훈. (2024, 7월 11일). [이상훈의 시그니처 문화공간 이야기] 10년 담금질로 태어난 플래그십 콘서트홀, 엘프필하모니. 부산일보. https://www.busan.com/view/busan/view.php?code=2024071117513822757",
41,2024,2024-06-27,이상훈,[이상훈의 시그니처 문화공간 이야기] 미국 동부를 대표하는 사립미술관 '반스 재단',부산일보,https://www.busan.com/view/busan/view.php?code=2024062718021296707,"이상훈. (2024, 6월 27일). [이상훈의 시그니처 문화공간 이야기] 미국 동부를 대표하는 사립미술관 '반스 재단'. 부산일보. https://www.busan.com/view/busan/view.php?code=2024062718021296707",
42,2024,2024-06-13,이상훈,"[이상훈의 시그니처 문화공간 이야기] 세계 최대의 구(球)형 공연장, 스피어(Sphere)",부산일보,https://www.busan.com/view/busan/view.php?code=2024061213551233220,"이상훈. (2024, 6월 13일). [이상훈의 시그니처 문화공간 이야기] 세계 최대의 구(球)형 공연장, 스피어(Sphere). 부산일보. https://www.busan.com/view/busan/view.php?code=2024061213551233220",
43,2024,2024-05-30,이상훈,[이상훈의 시그니처 문화공간 이야기] 지역의 역사·예술·자연 함께 담아낸 '루마 아를',부산일보,https://www.busan.com/view/busan/view.php?code=2024053017551630649,"이상훈. (2024, 5월 30일). [이상훈의 시그니처 문화공간 이야기] 지역의 역사·예술·자연 함께 담아낸 '루마 아를'. 부산일보. https://www.busan.com/view/busan/view.php?code=2024053017551630649",
44,2024,2024-05-16,이상훈,[이상훈의 시그니처 문화공간 이야기] '예술과 과학의 도시' 발렌시아와 북항,부산일보,https://www.busan.com/view/busan/view.php?code=2024051618033908873,"이상훈. (2024, 5월 16일). [이상훈의 시그니처 문화공간 이야기] '예술과 과학의 도시' 발렌시아와 북항. 부산일보. https://www.busan.com/view/busan/view.php?code=2024051618033908873",
45,2024,2024-05-02,이상훈,[이상훈의 시그니처 문화공간 이야기] 베를린 함부르거 반호프 현대미술관에서 만난 이우환,부산일보,https://www.busan.com/view/busan/view.php?code=2024050217491884694,"이상훈. (2024, 5월 2일). [이상훈의 시그니처 문화공간 이야기] 베를린 함부르거 반호프 현대미술관에서 만난 이우환. 부산일보. https://www.busan.com/view/busan/view.php?code=2024050217491884694",
46,2024,2024-04-18,이상훈,[이상훈의 시그니처 문화공간 이야기] 고대도시 로마에서 만나는 미래건축 ‘맥시’,부산일보,https://www.busan.com/view/busan/view.php?code=2024041817580676042,"이상훈. (2024, 4월 18일). [이상훈의 시그니처 문화공간 이야기] 고대도시 로마에서 만나는 미래건축 ‘맥시’. 부산일보. https://www.busan.com/view/busan/view.php?code=2024041817580676042",
47,2024,2024-04-04,이상훈,"[이상훈의 시그니처 문화공간 이야기] 2차 대전 벙커가 미술관으로 변신, 잠룽 보로스",부산일보,https://www.busan.com/view/busan/view.php?code=2024040417595891011,"이상훈. (2024, 4월 4일). [이상훈의 시그니처 문화공간 이야기] 2차 대전 벙커가 미술관으로 변신, 잠룽 보로스. 부산일보. https://www.busan.com/view/busan/view.php?code=2024040417595891011",
48,2024,2024-03-21,이상훈,"[이상훈의 시그니처 문화공간 이야기] 공동주택의 반전, 야마모토 리켄의 ‘판교 하우징’",부산일보,https://www.busan.com/view/busan/view.php?code=2024032118082969344,"이상훈. (2024, 3월 21일). [이상훈의 시그니처 문화공간 이야기] 공동주택의 반전, 야마모토 리켄의 ‘판교 하우징’. 부산일보. https://www.busan.com/view/busan/view.php?code=2024032118082969344",
49,2024,2024-03-07,이상훈,[이상훈의 시그니처 문화공간 이야기] 삶의 표준 제시한 바이센호프 주거단지,부산일보,https://www.busan.com/view/busan/view.php?code=2024030717572375842,"이상훈. (2024, 3월 7일). [이상훈의 시그니처 문화공간 이야기] 삶의 표준 제시한 바이센호프 주거단지. 부산일보. https://www.busan.com/view/busan/view.php?code=2024030717572375842",
50,2024,2024-02-22,이상훈,[이상훈의 시그니처 문화공간 이야기] ‘백색 건축가’ 리차드 마이어가 설계한 솔올미술관,부산일보,https://www.busan.com/view/busan/view.php?code=2024022217594182144,"이상훈. (2024, 2월 22일). [이상훈의 시그니처 문화공간 이야기] ‘백색 건축가’ 리차드 마이어가 설계한 솔올미술관. 부산일보. https://www.busan.com/view/busan/view.php?code=2024022217594182144",
51,2024,2024-02-08,이상훈,"[이상훈의 시그니처 문화공간 이야기] 네바다 사막에서 만난 공공예술, 세븐 매직 마운틴",부산일보,https://www.busan.com/view/busan/view.php?code=2024020817323828089,"이상훈. (2024, 2월 8일). [이상훈의 시그니처 문화공간 이야기] 네바다 사막에서 만난 공공예술, 세븐 매직 마운틴. 부산일보. https://www.busan.com/view/busan/view.php?code=2024020817323828089",
52,2024,2024-01-25,이상훈,"[이상훈의 시그니처 문화공간 이야기] ‘태양의서커스’ 상설공연, 부산 론칭 즐거운 상상",부산일보,https://www.busan.com/view/busan/view.php?code=2024012518030086030,"이상훈. (2024, 1월 25일). [이상훈의 시그니처 문화공간 이야기] ‘태양의서커스’ 상설공연, 부산 론칭 즐거운 상상. 부산일보. https://www.busan.com/view/busan/view.php?code=2024012518030086030",
53,2024,2024-01-11,이상훈,[이상훈의 시그니처 문화공간 이야기] 독일 바덴바덴 '프리더 부르다'에서 만나는 니콜라스 파티,부산일보,https://www.busan.com/view/busan/view.php?code=2024011118060703833,"이상훈. (2024, 1월 11일). [이상훈의 시그니처 문화공간 이야기] 독일 바덴바덴 '프리더 부르다'에서 만나는 니콜라스 파티. 부산일보. https://www.busan.com/view/busan/view.php?code=2024011118060703833",
54,2024,2024-01-10,김은영,[인터뷰] “예술 그 자체가 목적인 ‘데스티네이션 아트’ 개념에 주목할 때입니다”,부산일보,https://www.busan.com/view/busan/view.php?code=2024010814490253602,"김은영. (2024, 1월 10일). [인터뷰] “예술 그 자체가 목적인 ‘데스티네이션 아트’ 개념에 주목할 때입니다”. 부산일보. https://www.busan.com/view/busan/view.php?code=2024010814490253602",
